metrics,values
accuracy_score,0.7584269662921348
precision_score,0.6666666666666666
recall_score,0.7536231884057971
f1_score,0.7074829931972789
roc_auc_score,0.7575455391570269
