metrics,values
accuracy_score,0.8033707865168539
precision_score,0.7236842105263158
recall_score,0.7971014492753623
f1_score,0.7586206896551724
roc_auc_score,0.8022204494083234
